year,r_squared,test,variable
2012,0.40331427152522537,linear regression,0
2011,0.36636351496922115,linear regression,0
2010,0.14800507235148275,linear regression,0
2009,0.6106442979839655,linear regression,0
